/*Patient ADDRESS*/
INSERT INTO ADDRESS  VALUES (1, 'Avent Ferry Road', 100, 'Raleigh', 'North Carolina', 'USA', '27606');
INSERT INTO ADDRESS  VALUES (2, 'Lexington Road', 1016, 'New York', 'New York', 'USA', '10022');
INSERT INTO ADDRESS  VALUES (3,'Amphitheatre Parkway', 1022, 'Mountain View', 'California', 'USA', '94043');
INSERT INTO ADDRESS  VALUES (4,'Sacramento, Apt 903', 1210, 'Santa Cruz', 'California', 'USA', '90021');
/*Facility ADDRESS*/
INSERT INTO ADDRESS  VALUES (5,'Wolf Village Way Box 7220', 2650, 'Raleigh', 'North Carolina', 'USA', '27695');
INSERT INTO ADDRESS  VALUES (6,'Sacramento', 2500, 'Santa Cruz', 'California', 'USA', '90021');
INSERT INTO ADDRESS  VALUES (7,'First Avenue', 489, 'New York', 'New York', 'USA', '10001');
/*Staff ADDRESS*/
INSERT INTO ADDRESS  VALUES (8, 'Vernon St.', 83, 'Scotch Plains', 'New Jersey', 'USA', '07076');
INSERT INTO ADDRESS  VALUES (9, 'Holly Drive', 69, 'Blacksburg', 'Virginia', 'USA', '24060');
INSERT INTO ADDRESS  VALUES (10,'Plymouth Court', 7540, 'Derry', 'Nevada', 'USA', '03038');
INSERT INTO ADDRESS  VALUES (11,'Big Rock Cove Road', 8196, 'Lutherville Timonium', 'Maryland', 'USA', '21093');
INSERT INTO ADDRESS  VALUES (12, 'Lawrence Ave.', 697, 'Teaneck', 'New Jersey', 'USA', '07666');
INSERT INTO ADDRESS  VALUES (13, 'South Chapel Lane', 685, 'Branford', 'Connecticut', 'USA', '06405');
INSERT INTO ADDRESS  VALUES (14,'W. Piper Dr.', 7056, 'Macon', 'Georgia', 'USA', '31204');
INSERT INTO ADDRESS  VALUES (15,'N. Peachtree Drive', 40, 'Sunnyside', 'New York', 'USA', '11104');
INSERT INTO ADDRESS  VALUES (16,'Sutor St.', 22, 'Laurel', 'Maryland', 'USA', '20707');
INSERT INTO ADDRESS  VALUES (17,'shopping mall', 1, 'Hill Valley', 'California', 'USA', '97660');

/*Patient*/
INSERT INTO PATIENT  VALUES (1,'Smith', 'John', '9007004567', TO_DATE('01/01/1990', 'mm/dd/yyyy'), 1);
INSERT INTO PATIENT  VALUES (2,'Doe', 'Jane', '9192453245', TO_DATE('2/29/2000', 'mm/dd/yyyy'), 2);
INSERT INTO PATIENT  VALUES (3,'Star', 'Rock', '9007004567', TO_DATE('8/31/1970', 'mm/dd/yyyy'), 3);
INSERT INTO PATIENT  VALUES (4,'Cooper', 'Sheldon', '6184628437', TO_DATE('05/26/1984', 'mm/dd/yyyy'), 4);
INSERT INTO PATIENT  VALUES (5,'McFly', 'Marty', '2222222222', TO_DATE('11/05/1955', 'mm/dd/yyyy'), 17);

/*Body Parts*/
INSERT INTO BODYPARTS  VALUES ('ARM000', 'Left Arm');
INSERT INTO BODYPARTS  VALUES ('ARM001', 'Right Arm');
INSERT INTO BODYPARTS  VALUES ('ABD000', 'Abdomen');
INSERT INTO BODYPARTS  VALUES ('EYE000', 'Eye');
INSERT INTO BODYPARTS  VALUES ('HRT000', 'Heart');
INSERT INTO BODYPARTS  VALUES ('CST000', 'Chest');
INSERT INTO BODYPARTS  VALUES ('HED000', 'Head');

/*Severity Scale*/
INSERT INTO SEVERITYSCALE  VALUES ('1-10');
INSERT INTO SEVERITYSCALE  VALUES ('H-L');
INSERT INTO SEVERITYSCALE  VALUES ('N-S');
INSERT INTO SEVERITYSCALE  VALUES ('N-P');
INSERT INTO SEVERITYSCALE  VALUES ('M-H');

/*Symptoms*/
INSERT INTO SYMPTOMS  VALUES ('SYM001', 'Pain', 0, 0, NULL, '1-10');
INSERT INTO SYMPTOMS  VALUES ('SYM002', 'Diarrhea', 1, 0, 'ABD000', '1-10');
INSERT INTO SYMPTOMS  VALUES ('SYM003', 'Fever', 0, 0, 'HED000', 'H-L');
INSERT INTO SYMPTOMS  VALUES ('SYM004', 'Physical Exam', 0, 0, NULL, 'N-P');
INSERT INTO SYMPTOMS  VALUES ('SYM005', 'Light-headedness', 1, 0, 'HED000', 'N-S');
INSERT INTO SYMPTOMS  VALUES ('SYM006', 'Blurred Vision', 1, 0, 'EYE000', 'N-S');
INSERT INTO SYMPTOMS  VALUES ('SYM007', 'Bleeding', 0, 0,  NULL, 'M-H');

/*Equipment*/
INSERT INTO EQUIPMENT  VALUES ('ER Combo Rack');
INSERT INTO EQUIPMENT  VALUES ('Blood Pressure Monitor');
INSERT INTO EQUIPMENT  VALUES ('Thermometer');
INSERT INTO EQUIPMENT  VALUES ('Vision Screener');

/*Services*/
INSERT INTO SERVICES  VALUES ('SER01', 'Emergency');
INSERT INTO SERVICES  VALUES ('SGP01', 'General Practice');
INSERT INTO SERVICES  VALUES ('VIS01', 'Vision');

/*Priority*/
INSERT INTO PRIORITY  VALUES (1, 'Quarantine');
INSERT INTO PRIORITY  VALUES (2, 'High');
INSERT INTO PRIORITY  VALUES (3, 'Normal');

/*Severity*/
INSERT INTO SEVERITY  VALUES (1, NULL, 1, '1-10');
INSERT INTO SEVERITY  VALUES (2, NULL, 2, '1-10');
INSERT INTO SEVERITY  VALUES (3, NULL, 3, '1-10');
INSERT INTO SEVERITY  VALUES (4, NULL, 4, '1-10');
INSERT INTO SEVERITY  VALUES (5, NULL, 5, '1-10');
INSERT INTO SEVERITY  VALUES (6, NULL, 6, '1-10');
INSERT INTO SEVERITY  VALUES (7, NULL, 7, '1-10');
INSERT INTO SEVERITY  VALUES (8, NULL, 8, '1-10');
INSERT INTO SEVERITY  VALUES (9, NULL, 9, '1-10');
INSERT INTO SEVERITY  VALUES (10, NULL, 10, '1-10');
INSERT INTO SEVERITY  VALUES (11, 'Normal', NULL, 'N-S');
INSERT INTO SEVERITY  VALUES (12, 'Severe', NULL, 'N-S');
INSERT INTO SEVERITY  VALUES (13, 'Low', NULL, 'H-L');
INSERT INTO SEVERITY  VALUES (14, 'High', NULL, 'H-L');
INSERT INTO SEVERITY  VALUES (15, 'Normal', NULL, 'N-P');
INSERT INTO SEVERITY  VALUES (16, 'Premium', NULL, 'N-P');
INSERT INTO SEVERITY  VALUES (17, 'Moderate', NULL, 'M-H');
INSERT INTO SEVERITY  VALUES (18, 'Heavy', NULL, 'M-H');

/*Facilities*/
INSERT INTO FACILITY  VALUES (1000,'Wolf Hospital', '03', 300, 5);
INSERT INTO FACILITY  VALUES (1001,'California Health Care', '02', 150, 6);
INSERT INTO FACILITY  VALUES (1002,'Sunny Medical Center', '01', 10, 7);

/*RuleSet*/
INSERT INTO PRIORITYRULESET  VALUES (1, 2);
INSERT INTO PRIORITYRULESET  VALUES (2, 3);
INSERT INTO PRIORITYRULESET  VALUES (3, 2);

/*Priority Rules*/
INSERT INTO PRIORITYRULES  VALUES (1,'SYM001', 7, 'CST000', 2, 1);
INSERT INTO PRIORITYRULES  VALUES (2,'SYM001', 7, 'HED000', 2, 2);
INSERT INTO PRIORITYRULES  VALUES (3,'SYM001', 7, 'HED000', 13, 3);
INSERT INTO PRIORITYRULES  VALUES (4,'SYM005', 12, 'HED000', 3, 2);
INSERT INTO PRIORITYRULES  VALUES (5,'SYM003', 14, 'HED000', 3, 1);
INSERT INTO PRIORITYRULES  VALUES (6,'SYM006', 12, 'EYE000', 3, 2);
INSERT INTO PRIORITYRULES  VALUES (7,'SYM006', 12, 'EYE000', 3, 3);

/*Staff*/
INSERT INTO STAFF  VALUES (89001, 8, 1, 'Medical', 'Robot', TO_DATE('04/19/1989', 'mm/dd/yyyy'));
INSERT INTO STAFF  VALUES (93001, 9, 1, 'Musical', 'Robert', TO_DATE('01/29/1993', 'mm/dd/yyyy'));
INSERT INTO STAFF  VALUES (67001, 10, 1, 'Muscular', 'Rob', TO_DATE('12/09/1967', 'mm/dd/yyyy'));
INSERT INTO STAFF  VALUES (88001, 11, 1, 'Mechanical', 'Roboto', TO_DATE('05/18/1988', 'mm/dd/yyyy'));
INSERT INTO STAFF  VALUES (91001, 12, 1, 'Millennium', 'Roberten', TO_DATE('06/28/1991', 'mm/dd/yyyy'));
INSERT INTO STAFF  VALUES (66001, 13, 1, 'Missionary', 'Robinson', TO_DATE('07/08/1966', 'mm/dd/yyyy'));
INSERT INTO STAFF  VALUES (89002, 14, 0, 'Miscellaneous', 'Robotor', TO_DATE('04/19/1990', 'mm/dd/yyyy'));
INSERT INTO STAFF  VALUES (93002, 15, 0, 'Musician', 'Root', TO_DATE('01/29/1994', 'mm/dd/yyyy'));
INSERT INTO STAFF  VALUES (67002, 16, 1, 'Massaging', 'Robin', TO_DATE('12/09/1968', 'mm/dd/yyyy'));

/*ServiceDepartment*/
INSERT INTO SERVICEDEPARTMENT  VALUES ('ER000', 'Emergency Room', 1, 1001, 93001);
INSERT INTO SERVICEDEPARTMENT  VALUES ('ER001', 'Emergency Room', 1, 1002, 67002);
INSERT INTO SERVICEDEPARTMENT  VALUES ('GP000', 'General Practice', 1, 1000, 67001);
INSERT INTO SERVICEDEPARTMENT  VALUES ('GP001', 'General Practice', 1, 1001, 91001);
INSERT INTO SERVICEDEPARTMENT  VALUES ('OP000', 'Optometry', 1, 1000, 89001);
INSERT INTO SERVICEDEPARTMENT  VALUES ('SE000', 'Security', 0, 1000, 89002);

/*Certificate*/
INSERT INTO CERTIFICATE  VALUES ('CER001','Comprehensive Stroke Certification', TO_DATE('11/12/1990', 'mm/dd/yyyy'), TO_DATE('11/11/2025', 'mm/dd/yyyy'), 1000);
INSERT INTO CERTIFICATE  VALUES ('CER002','ISO Certification', TO_DATE('05/09/2011', 'mm/dd/yyyy'), TO_DATE('02/08/2024', 'mm/dd/yyyy'), 1001);
INSERT INTO CERTIFICATE  VALUES ('CER003','ISO Certification', TO_DATE('05/09/2011', 'mm/dd/yyyy'), TO_DATE('02/08/2024', 'mm/dd/yyyy'), 1002);
INSERT INTO CERTIFICATE  VALUES ('CER004','Primary Stroke Certification', TO_DATE('01/01/2018', 'mm/dd/yyyy'), TO_DATE('12/31/2028', 'mm/dd/yyyy'), 1002);

/*Dpt_SpecializesIn_Srv*/
INSERT INTO DPT_SPECIALIZESIN_SRV  VALUES (1001, 'ER000', 'ARM000');
INSERT INTO DPT_SPECIALIZESIN_SRV  VALUES (1001, 'ER000', 'ARM001');
INSERT INTO DPT_SPECIALIZESIN_SRV  VALUES (1001, 'ER000', 'ABD000');
INSERT INTO DPT_SPECIALIZESIN_SRV  VALUES (1001, 'ER000', 'EYE000');
INSERT INTO DPT_SPECIALIZESIN_SRV  VALUES (1001, 'ER000', 'HRT000');
INSERT INTO DPT_SPECIALIZESIN_SRV  VALUES (1001, 'ER000', 'CST000');
INSERT INTO DPT_SPECIALIZESIN_SRV  VALUES (1001, 'ER000', 'HED000');

INSERT INTO DPT_SPECIALIZESIN_SRV  VALUES (1002, 'ER001', 'ARM000');
INSERT INTO DPT_SPECIALIZESIN_SRV  VALUES (1002, 'ER001', 'ARM001');
INSERT INTO DPT_SPECIALIZESIN_SRV  VALUES (1002, 'ER001', 'ABD000');
INSERT INTO DPT_SPECIALIZESIN_SRV  VALUES (1002, 'ER001', 'EYE000');
INSERT INTO DPT_SPECIALIZESIN_SRV  VALUES (1002, 'ER001', 'HRT000');
INSERT INTO DPT_SPECIALIZESIN_SRV  VALUES (1002, 'ER001', 'CST000');
INSERT INTO DPT_SPECIALIZESIN_SRV  VALUES (1002, 'ER001', 'HED000');

INSERT INTO DPT_SPECIALIZESIN_SRV  VALUES (1000, 'GP000', 'ARM000');
INSERT INTO DPT_SPECIALIZESIN_SRV  VALUES (1000, 'GP000', 'ARM001');
INSERT INTO DPT_SPECIALIZESIN_SRV  VALUES (1000, 'GP000', 'ABD000');
INSERT INTO DPT_SPECIALIZESIN_SRV  VALUES (1000, 'GP000', 'EYE000');
INSERT INTO DPT_SPECIALIZESIN_SRV  VALUES (1000, 'GP000', 'HRT000');
INSERT INTO DPT_SPECIALIZESIN_SRV  VALUES (1000, 'GP000', 'CST000');
INSERT INTO DPT_SPECIALIZESIN_SRV  VALUES (1000, 'GP000', 'HED000');

INSERT INTO DPT_SPECIALIZESIN_SRV  VALUES (1001, 'GP001', 'ARM000');
INSERT INTO DPT_SPECIALIZESIN_SRV  VALUES (1001, 'GP001', 'ARM001');
INSERT INTO DPT_SPECIALIZESIN_SRV  VALUES (1001, 'GP001', 'ABD000');
INSERT INTO DPT_SPECIALIZESIN_SRV  VALUES (1001, 'GP001', 'EYE000');
INSERT INTO DPT_SPECIALIZESIN_SRV  VALUES (1001, 'GP001', 'HRT000');
INSERT INTO DPT_SPECIALIZESIN_SRV  VALUES (1001, 'GP001', 'CST000');
INSERT INTO DPT_SPECIALIZESIN_SRV  VALUES (1001, 'GP001', 'HED000');

INSERT INTO DPT_SPECIALIZESIN_SRV  VALUES (1000, 'OP000', 'EYE000');

INSERT INTO DPT_SPECIALIZESIN_SRV  VALUES (1000, 'SE000', 'ARM000');
INSERT INTO DPT_SPECIALIZESIN_SRV  VALUES (1000, 'SE000', 'ARM001');
INSERT INTO DPT_SPECIALIZESIN_SRV  VALUES (1000, 'SE000', 'ABD000');
INSERT INTO DPT_SPECIALIZESIN_SRV  VALUES (1000, 'SE000', 'EYE000');
INSERT INTO DPT_SPECIALIZESIN_SRV  VALUES (1000, 'SE000', 'HRT000');
INSERT INTO DPT_SPECIALIZESIN_SRV  VALUES (1000, 'SE000', 'CST000');
INSERT INTO DPT_SPECIALIZESIN_SRV  VALUES (1000, 'SE000', 'HED000');

/*Srv_Uses_Eqp*/
INSERT INTO SRV_USES_EQP  VALUES ('ER Combo Rack', 'SER01');
INSERT INTO SRV_USES_EQP  VALUES ('Blood Pressure Monitor', 'SGP01');
INSERT INTO SRV_USES_EQP  VALUES ('Thermometer', 'SGP01');
INSERT INTO SRV_USES_EQP  VALUES ('Vision Screener', 'VIS01');

/*Dpt_Provides_Srv*/
INSERT INTO DPT_PROVIDES_SRV  VALUES ('SER01', 'ER000', 1001);
INSERT INTO DPT_PROVIDES_SRV  VALUES ('SGP01', 'GP000', 1000);
INSERT INTO DPT_PROVIDES_SRV  VALUES ('SGP01', 'GP001', 1001);
INSERT INTO DPT_PROVIDES_SRV  VALUES ('VIS01', 'OP000', 1000);

/*Stf_WorksAt_Dpt*/
INSERT INTO STF_WORKSAT_DPT  VALUES (1000, 'OP000', 89001, TO_DATE('06/21/2019', 'mm/dd/yyyy'), 1);
INSERT INTO STF_WORKSAT_DPT  VALUES (1001, 'ER000', 93001, TO_DATE('08/29/2018', 'mm/dd/yyyy'), 1);
INSERT INTO STF_WORKSAT_DPT  VALUES (1000, 'GP000', 67001, TO_DATE('10/12/1983', 'mm/dd/yyyy'), 1);
INSERT INTO STF_WORKSAT_DPT  VALUES (1000, 'GP000', 88001, TO_DATE('06/21/2019', 'mm/dd/yyyy'), 1);
INSERT INTO STF_WORKSAT_DPT  VALUES (1000, 'OP000', 88001, TO_DATE('06/21/2019', 'mm/dd/yyyy'), 0);
INSERT INTO STF_WORKSAT_DPT  VALUES (1001, 'GP001', 91001, TO_DATE('09/20/2018', 'mm/dd/yyyy'), 1);
INSERT INTO STF_WORKSAT_DPT  VALUES (1001, 'ER000', 66001, TO_DATE('10/01/1993', 'mm/dd/yyyy'), 1);
INSERT INTO STF_WORKSAT_DPT  VALUES (1000, 'SE000', 89002, TO_DATE('08/19/2014', 'mm/dd/yyyy'), 1);
INSERT INTO STF_WORKSAT_DPT  VALUES (1000, 'SE000', 93002, TO_DATE('10/18/2017', 'mm/dd/yyyy'), 1);
INSERT INTO STF_WORKSAT_DPT  VALUES (1002, 'ER001', 67002, TO_DATE('12/10/1990', 'mm/dd/yyyy'), 1);
